<?xml version="1.0"?>
<doc>
    <assembly>
        <name>HRManagementAPI</name>
    </assembly>
    <members>
        <member name="T:HRManagementAPI.Constants.Common">
            <summary>
            Common constants
            </summary>
        </member>
        <member name="M:HRManagementAPI.Controllers.EmployeeController.Get">
            <summary>
            Get all employee info
            </summary>
            <returns></returns>
        </member>
        <member name="M:HRManagementAPI.Controllers.EmployeeController.Get(System.String)">
            <summary>
            Get employee data by id
            </summary>
            <param name="id">id of the employee</param>
            <returns></returns>
        </member>
        <member name="M:HRManagementAPI.Controllers.EmployeeController.Post(HRManagementAPI.Models.EmployeeModel)">
            <summary>
            Add new employee
            </summary>
            <param name="value"></param>
        </member>
        <member name="M:HRManagementAPI.Controllers.EmployeeController.Put(System.String,HRManagementAPI.Models.EmployeeModel)">
            <summary>
            Update Employee
            </summary>
            <param name="id">id of the employee</param>
            <param name="employeeModel"></param>
            <returns></returns>
        </member>
        <member name="M:HRManagementAPI.Controllers.EmployeeController.Delete(System.String)">
            <summary>
            Delete employee
            </summary>
            <param name="id">id of the employee</param>
        </member>
        <member name="T:HRManagementAPI.Enums.EmployeeType">
            <summary>
            EmployeeType
            </summary>
        </member>
        <member name="T:HRManagementAPI.Models.EmployeeData">
            <summary>
            EmployeeData
            </summary>
        </member>
        <member name="P:HRManagementAPI.Models.EmployeeData.EmployeeModels">
            <summary>
            EmployeeModels
            </summary>
        </member>
        <member name="T:HRManagementAPI.Models.EmployeeModel">
            <summary>
            Employee Model
            </summary>
        </member>
        <member name="P:HRManagementAPI.Models.EmployeeModel.Id">
            <summary>
            Id of the employedd
            </summary>
        </member>
        <member name="P:HRManagementAPI.Models.EmployeeModel.Name">
            <summary>
            Name of the employedd
            </summary>
        </member>
        <member name="P:HRManagementAPI.Models.EmployeeModel.Age">
            <summary>
            Age of the employedd
            </summary>
        </member>
        <member name="P:HRManagementAPI.Models.EmployeeModel.Designation">
            <summary>
            Designation of the employedd
            </summary>
        </member>
        <member name="P:HRManagementAPI.Models.EmployeeModel.BasicPay">
            <summary>
            BasicPay of the employedd
            </summary>
        </member>
        <member name="P:HRManagementAPI.Models.EmployeeModel.Salary">
            <summary>
            BasicPay of the employedd
            </summary>
        </member>
        <member name="P:HRManagementAPI.Models.EmployeeModel.Type">
            <summary>
            Type of the employee - Permanent/Temporary
            </summary>
        </member>
    </members>
</doc>
